"AverageShortestPathLength","BetweennessCentrality","ClosenessCentrality","ClusteringCoefficient","Degree","Eccentricity","IsSingleNode","log2FoldChange","name","NeighborhoodConnectivity","NumberOfDirectedEdges","NumberOfUndirectedEdges","PartnerOfMultiEdgedNodePairs","Radiality","selected","SelfLoops","shared name","Stress","TopologicalCoefficient"
"3.4174757281553396","0.038454216638111556","0.29261363636363635","0.0","2","7","false","-1.11318637092955","SV2C","10.0","0","2","0","0.9220169119949891","true","0","SV2C","1688","0.5"
"4.388349514563107","0.01941747572815534","0.2278761061946903","0.0","2","8","false","1.04575175827036","SLC22A8","1.5","0","2","0","0.8906984027560289","true","0","SLC22A8","846","0.5"
"5.378640776699029","0.0","0.1859205776173285","0.0","1","9","false","1.37244637388423","SLC22A2","2.0","0","1","0","0.8587535233322894","true","0","SLC22A2","0","0.0"
"3.7766990291262137","0.0","0.2647814910025707","0.0","1","7","false","1.2515234135055","SERPINA5","8.0","0","1","0","0.9104290635765737","true","0","SERPINA5","0","0.0"
"1.0","0.0","1.0","0.0","1","1","false","1.11554982968171","OR7A5","1.0","0","1","0","1.0","true","0","OR7A5","0","0.0"
"1.0","0.0","1.0","0.0","1","1","false","1.44003993784211","OR7A10","1.0","0","1","0","1.0","true","0","OR7A10","0","0.0"
"3.0194174757281553","0.0","0.3311897106109325","1.0","2","6","false","1.11553512726902","NKX6-1","15.5","0","2","0","0.9348575007829628","true","0","NKX6-1","0","0.5740740740740741"
"1.5","0.0","0.6666666666666666","0.0","1","2","false","-1.27439830262995","SLN","2.0","0","1","0","0.75","true","0","SLN","0","0.0"
"1.0","1.0","1.0","0.0","2","1","false","-1.05451990434353","MYOG","1.0","0","2","0","1.0","true","0","MYOG","2","0.0"
"1.5","0.0","0.6666666666666666","0.0","1","2","false","1.06536584323562","MYOCD","2.0","0","1","0","0.75","true","0","MYOCD","0","0.0"
"4.446601941747573","0.0","0.22489082969432314","0.0","1","8","false","-1.2748190673809","KRT82","3.0","0","1","0","0.8888192922016912","true","0","KRT82","0","0.0"
"3.8446601941747574","0.0","0.2601010101010101","0.0","1","7","false","-1.05466912489084","KCNV1","7.0","0","1","0","0.9082367679298465","true","0","KCNV1","0","0.0"
"1.0","0.0","1.0","0.0","1","1","false","1.09370676664945","KCNE4","1.0","0","1","0","1.0","true","0","KCNE4","0","0.0"
"1.0","0.0","1.0","0.0","1","1","false","1.24166358251787","IRX5","1.0","0","1","0","1.0","true","0","IRX5","0","0.0"
"3.6699029126213594","0.0","0.2724867724867725","0.0","1","7","false","-1.00679930374156","ROBO2","9.0","0","1","0","0.9138740995928594","true","0","ROBO2","0","0.0"
"3.1359223300970873","0.002099644851656233","0.3188854489164087","0.0","2","6","false","-1.0238929896048","HRG","10.0","0","2","0","0.9310992796742875","true","0","HRG","136","0.5"
"4.0","0.0","0.25","0.0","1","7","false","-1.04639977139527","TDO2","2.0","0","1","0","0.9032258064516129","true","0","TDO2","0","0.0"
"3.0097087378640777","0.01941747572815534","0.33225806451612905","0.0","2","6","false","-1.00699432486549","HDC","14.0","0","2","0","0.9351706858753523","true","0","HDC","528","0.5"
"3.029126213592233","0.0","0.3301282051282051","0.0","1","6","false","1.03164691022508","HCAR3","27.0","0","1","0","0.9345443156905732","true","0","HCAR3","0","0.0"
"1.5","0.0","0.6666666666666666","1.0","2","2","false","1.01227766437128","H2AC12","3.5","0","2","0","0.875","true","0","H2AC12","0","0.875"
"1.25","0.08333333333333333","0.8","0.6666666666666666","3","2","false","1.14169492188089","H2AC11","3.0","0","3","0","0.9375","true","0","H2AC11","2","0.75"
"1.0","0.3333333333333333","1.0","0.5","4","1","false","1.75724980125086","H4C4","2.5","0","4","0","1.0","true","0","H4C4","6","0.625"
"1.25","0.08333333333333333","0.8","0.6666666666666666","3","2","false","1.43995141743239","H3C6","3.0","0","3","0","0.9375","true","0","H3C6","2","0.75"
"1.5","0.0","0.6666666666666666","1.0","2","2","false","1.39097303540195","H1-6","3.5","0","2","0","0.875","true","0","H1-6","0","0.875"
"4.155339805825243","0.0","0.24065420560747663","0.0","1","7","false","1.13732799341098","PYHIN1","8.0","0","1","0","0.8982148449733792","true","0","PYHIN1","0","0.0"
"1.0","0.0","1.0","0.0","1","1","false","1.02647054576518","SHISA3","1.0","0","1","0","1.0","true","0","SHISA3","0","0.0"
"1.0","0.0","1.0","0.0","1","1","false","-1.23118995075945","GSG1L2","1.0","0","1","0","1.0","true","0","GSG1L2","0","0.0"
"3.6601941747572817","0.0","0.27320954907161804","1.0","2","6","false","1.2764853136859","P2RY10","5.5","0","2","0","0.9141872846852489","true","0","P2RY10","0","0.6111111111111112"
"3.6601941747572817","0.0","0.27320954907161804","1.0","2","6","false","1.01660674387521","GPR174","5.5","0","2","0","0.9141872846852489","true","0","GPR174","0","0.6111111111111112"
"3.0097087378640777","0.001937746719300117","0.33225806451612905","0.0","2","6","false","1.24199883574749","GPR20","14.5","0","2","0","0.9351706858753523","true","0","GPR20","72","0.5192307692307693"
"3.5825242718446604","0.0","0.27913279132791324","0.0","1","7","false","-1.15493936136128","GJD2","16.0","0","1","0","0.9166927654243657","true","0","GJD2","0","0.0"
"3.8155339805825244","0.0","0.26208651399491095","0.0","1","7","false","1.08538754750675","INSRR","7.0","0","1","0","0.9091763232070152","true","0","INSRR","0","0.0"
"3.5145631067961167","0.0","0.2845303867403315","0.0","1","7","false","1.17609590617762","GFI1B","15.0","0","1","0","0.918885061071093","true","0","GFI1B","0","0.0"
"3.2815533980582523","0.0","0.3047337278106509","1.0","3","7","false","1.05569108107446","SLC6A12","17.0","0","3","0","0.9264015032884434","true","0","SLC6A12","0","0.7391304347826086"
"3.7184466019417477","0.0","0.2689295039164491","0.0","1","7","false","-1.0399277424119","OLFM3","11.0","0","1","0","0.9123081741309114","true","0","OLFM3","0","0.0"
"3.6407766990291264","0.0","0.27466666666666667","1.0","3","7","false","1.31270778121984","GABRR2","8.0","0","3","0","0.9148136548700282","true","0","GABRR2","0","0.6666666666666666"
"3.3689320388349513","8.954646998892084E-4","0.2968299711815562","0.8","5","7","false","-1.33486081769225","GABRA6","11.0","0","5","0","0.923582837456937","true","0","GABRA6","80","0.4782608695652174"
"3.8446601941747574","0.0","0.2601010101010101","0.0","1","7","false","1.04281222599903","FOXD3","7.0","0","1","0","0.9082367679298465","true","0","FOXD3","0","0.0"
"3.8932038834951457","0.0","0.256857855361596","0.0","1","7","false","1.405441826443","FOXA3","5.0","0","1","0","0.9066708424678985","true","0","FOXA3","0","0.0"
"3.233009708737864","0.0","0.30930930930930933","1.0","2","6","false","1.23194343762653","P2RY8","12.5","0","2","0","0.9279674287503915","true","0","P2RY8","0","0.6578947368421053"
"3.504854368932039","6.662859318484675E-4","0.2853185595567867","0.6666666666666666","3","6","false","1.1109029097382","FCRL2","5.666666666666667","0","3","0","0.9191982461634826","true","0","FCRL2","20","0.4358974358974359"
"3.504854368932039","6.662859318484675E-4","0.2853185595567867","0.6666666666666666","3","6","false","1.1644464887281","FCRL1","5.666666666666667","0","3","0","0.9191982461634826","true","0","FCRL1","20","0.4358974358974359"
"1.0","0.0","1.0","0.0","1","1","false","-1.0383862063529","SPATA31A1","1.0","0","1","0","1.0","true","0","SPATA31A1","0","0.0"
"1.0","0.0","1.0","0.0","1","1","false","-1.11432215668341","FAM47C","1.0","0","1","0","1.0","true","0","FAM47C","0","0.0"
"2.854368932038835","0.02162899557976536","0.35034013605442177","0.47619047619047616","7","6","false","-1.15424184380734","NPSR1","9.714285714285714","0","7","0","0.940181647353586","true","0","NPSR1","1098","0.3087557603686636"
"3.174757281553398","0.0","0.3149847094801223","1.0","4","6","false","1.04186549702161","F2RL3","9.75","0","4","0","0.9298465393047292","true","0","F2RL3","0","0.4642857142857143"
"3.1844660194174756","2.246291895999804E-4","0.31402439024390244","0.8333333333333334","4","6","false","1.14195052954951","DEFA1","9.5","0","4","0","0.9295333542123395","true","0","DEFA1","22","0.4523809523809524"
"2.8640776699029127","0.0014217404068474736","0.34915254237288135","0.6","5","6","false","1.14585310321342","DEFA1B","12.4","0","5","0","0.9398684622611964","true","0","DEFA1B","122","0.37575757575757573"
"2.912621359223301","3.7121644774414623E-4","0.3433333333333333","0.3333333333333333","3","6","false","1.19715108746707","ETV4","13.0","0","3","0","0.9383025367992484","true","0","ETV4","18","0.4222222222222222"
"2.7184466019417477","0.030859294227585224","0.3678571428571428","0.28888888888888886","10","6","false","1.05309152798085","PROK2","11.2","0","10","0","0.9445662386470405","true","0","PROK2","1934","0.24888888888888888"
"2.8640776699029127","0.0","0.34915254237288135","1.0","2","6","false","1.148216216785","S100A4","28.0","0","2","0","0.9398684622611964","true","0","S100A4","0","0.7567567567567568"
"2.825242718446602","9.78290698450607E-4","0.3539518900343642","0.3333333333333333","3","6","false","-1.3035501011869","HSPB3","16.333333333333332","0","3","0","0.9411212026307547","true","0","HSPB3","38","0.4444444444444444"
"2.9223300970873787","0.0023283335105151195","0.34219269102990035","0.0","2","6","false","1.00789412695409","GPR15","16.5","0","2","0","0.9379893517068587","true","0","GPR15","106","0.5166666666666667"
"2.8737864077669903","0.0","0.34797297297297297","1.0","3","6","false","1.40058299701809","MMP10","17.0","0","3","0","0.9395552771688068","true","0","MMP10","0","0.4857142857142857"
"2.7766990291262137","0.0036687201855247153","0.3601398601398601","0.5","9","6","false","1.86228303109105","MMP8","11.88888888888889","0","9","0","0.9426871280927028","true","0","MMP8","218","0.30484330484330485"
"2.4271844660194173","0.0365673354728578","0.41200000000000003","0.2545454545454545","11","5","false","1.66299544120876","MMP7","12.181818181818182","0","11","0","0.9539617914187284","true","0","MMP7","1636","0.2084639498432602"
"2.796116504854369","0.03413717340045153","0.3576388888888889","0.2","5","6","false","1.11383695587498","PIGR","9.8","0","5","0","0.9420607579079237","true","0","PIGR","1048","0.25263157894736843"
"3.7864077669902914","0.0","0.2641025641025641","0.0","1","7","false","-1.2666774040617","CSN1S1","5.0","0","1","0","0.9101158784841842","true","0","CSN1S1","0","0.0"
"2.9029126213592233","0.029584907166803287","0.34448160535117056","0.0","5","6","false","1.44776630445666","TTR","7.8","0","5","0","0.9386157218916379","true","0","TTR","1184","0.23448275862068965"
"3.5242718446601944","4.8226410305222413E-4","0.2837465564738292","0.0","2","7","false","-1.10923612153604","CRYM","10.5","0","2","0","0.9185718759787034","true","0","CRYM","24","0.5588235294117647"
"2.7281553398058254","0.03475382981652651","0.3665480427046263","0.43636363636363634","11","6","false","-1.017638412317","GABRG2","12.090909090909092","0","11","0","0.9442530535546508","true","0","GABRG2","1838","0.29046563192904656"
"2.4174757281553396","0.021939762190774287","0.4136546184738956","0.42424242424242425","12","5","false","-1.41482504736836","NMU","13.5","0","12","0","0.9542749765111181","true","0","NMU","1532","0.23132183908045978"
"3.436893203883495","9.597312495656297E-4","0.29096045197740117","0.6666666666666666","3","7","false","1.10801397589659","MCEMP1","8.333333333333334","0","3","0","0.9213905418102099","true","0","MCEMP1","44","0.43859649122807015"
"3.6116504854368934","0.0","0.2768817204301075","1.0","2","7","false","1.02025222503628","CLEC4D","8.0","0","2","0","0.915753210147197","true","0","CLEC4D","0","0.6153846153846154"
"2.9223300970873787","0.0019919117482414647","0.34219269102990035","0.4666666666666667","6","6","false","-1.20741572431229","CHGB","14.0","0","6","0","0.9379893517068587","true","0","CHGB","102","0.44623655913978494"
"2.7864077669902914","0.019660503212759067","0.3588850174216028","0.5714285714285714","8","6","false","1.27645091809895","SLAMF1","13.5","0","8","0","0.9423739430003132","true","0","SLAMF1","808","0.3821428571428571"
"2.679611650485437","0.06443183522869915","0.37318840579710144","0.16666666666666666","9","5","false","1.131509799244","MS4A1","8.88888888888889","0","9","0","0.9458189790165988","true","0","MS4A1","2588","0.22507122507122507"
"3.1650485436893203","5.581074823020601E-4","0.3159509202453988","0.8","5","6","false","-1.06068408718043","STAT4","15.0","0","5","0","0.9301597243971187","true","0","STAT4","52","0.5172413793103449"
"2.4854368932038833","0.03687056082165364","0.40234375000000006","0.42483660130718953","18","6","false","1.08464148845522","IL7R","13.222222222222221","0","18","0","0.9520826808643909","true","0","IL7R","2434","0.24947589098532494"
"2.6310679611650487","0.03797431176998228","0.38007380073800734","0.38461538461538464","13","6","false","1.06615755542445","S100A12","12.0","0","13","0","0.9473849044785468","true","0","S100A12","1904","0.2608695652173913"
"2.5533980582524274","0.013750128522215133","0.3916349809885931","0.638095238095238","15","6","false","1.40546813343617","CD40LG","16.0","0","15","0","0.9498903852176637","true","0","CD40LG","890","0.32"
"2.679611650485437","0.02038047973114634","0.37318840579710144","0.5833333333333334","9","6","false","1.2130776329964","IL1R2","16.555555555555557","0","9","0","0.9458189790165988","true","0","IL1R2","848","0.3654320987654321"
"2.5242718446601944","0.10458636621670576","0.39615384615384613","0.38095238095238093","15","6","false","1.03136470061476","GATA3","12.533333333333333","0","15","0","0.9508299404948324","true","0","GATA3","5322","0.248"
"2.6990291262135924","0.0027910040839179886","0.37050359712230213","0.7857142857142857","8","6","false","1.29275169488111","NCR1","17.0","0","8","0","0.9451926088318197","true","0","NCR1","444","0.40476190476190477"
"3.3883495145631066","0.0","0.29512893982808025","0.0","1","6","false","-1.10880039168139","CLEC4F","21.0","0","1","0","0.9229564672721579","true","0","CLEC4F","0","0.0"
"3.1650485436893203","0.021089747657423275","0.3159509202453988","0.4642857142857143","8","6","false","1.2511750838649","GZMK","12.125","0","8","0","0.9301597243971187","true","0","GZMK","2804","0.4"
"2.5825242718446604","0.007056081648323062","0.3872180451127819","0.7166666666666667","16","6","false","1.41604451793874","CXCR6","16.1875","0","16","0","0.9489508299404947","true","0","CXCR6","1004","0.35190217391304346"
"2.4466019417475726","0.02322004015931069","0.4087301587301588","0.5672514619883041","19","5","false","1.0795449175976","CXCR3","14.842105263157896","0","19","0","0.9533354212339492","true","0","CXCR3","2588","0.29102167182662536"
"2.6699029126213594","2.8837366073231296E-4","0.3745454545454545","0.9102564102564102","13","6","false","1.0874758036222","CCR4","17.76923076923077","0","13","0","0.9461321641089884","true","0","CCR4","28","0.41323792486583183"
"2.5533980582524274","0.006265661830068375","0.3916349809885931","0.675","16","6","false","1.3420349598228","CXCR2","15.6875","0","16","0","0.9498903852176637","true","0","CXCR2","530","0.31375"
"2.650485436893204","8.933962977419241E-4","0.3772893772893773","0.8461538461538461","13","6","false","-1.10483793245749","CXCL11","17.23076923076923","0","13","0","0.9467585342937676","true","0","CXCL11","68","0.3916083916083916"
"2.2718446601941746","0.034003197610734615","0.4401709401709402","0.6666666666666666","16","5","false","1.56956098604154","PPBP","17.3125","0","16","0","0.958972752896962","true","0","PPBP","2298","0.2509057971014493"
"2.563106796116505","0.005281175044463018","0.39015151515151514","0.6857142857142857","15","6","false","1.3964501756754","CXCR1","15.8","0","15","0","0.949577200125274","true","0","CXCR1","446","0.316"
"2.3980582524271843","0.043359207862743804","0.417004048582996","0.4857142857142857","21","5","false","1.07674928512479","CCR2","14.142857142857142","0","21","0","0.9549013466958973","true","0","CCR2","3236","0.265947888589398"
"2.6990291262135924","0.0","0.37050359712230213","1.0","11","6","false","1.06835116564799","CCL26","18.181818181818183","0","11","0","0.9451926088318197","true","0","CCL26","0","0.4329004329004329"
"2.941747572815534","0.0","0.33993399339933994","1.0","2","6","false","-1.04535239148302","CBLN4","22.5","0","2","0","0.9373629815220795","true","0","CBLN4","0","0.6818181818181818"
"3.0","0.0","0.3333333333333333","1.0","5","6","false","-1.08298201728442","PCDH8","15.8","0","5","0","0.9354838709677419","true","0","PCDH8","0","0.5642857142857143"
"2.8446601941747574","0.001045659440277176","0.3515358361774744","0.4","5","6","false","-1.1696122298935","RGS4","15.2","0","5","0","0.9404948324459755","true","0","RGS4","124","0.40540540540540543"
"2.854368932038835","0.009478631561492194","0.35034013605442177","0.6785714285714286","8","6","false","-1.06990711836267","GABRA1","13.875","0","8","0","0.940181647353586","true","0","GABRA1","752","0.3854166666666667"
"2.0485436893203883","0.12178032437264681","0.4881516587677725","0.35","25","5","false","1.24297539553414","CXCR4","13.84","0","25","0","0.9661760100219229","true","0","CXCR4","6656","0.17974025974025973"
"2.621359223300971","0.004430041538611078","0.3814814814814815","0.3","5","5","false","-1.04349905964074","DRD3","16.0","0","5","0","0.9476980895709365","true","0","DRD3","316","0.316"
"2.621359223300971","0.013020547120754138","0.3814814814814815","0.5523809523809524","15","6","false","-1.23492723626078","GAD2","13.733333333333333","0","15","0","0.9476980895709365","true","0","GAD2","1512","0.2861111111111111"
"2.436893203883495","0.042470200888783456","0.4103585657370518","0.41830065359477125","18","6","false","-1.10507029067132","GAD1","12.666666666666666","0","18","0","0.9536486063263389","true","0","GAD1","2436","0.2212475633528265"
"2.9223300970873787","0.0014052036368142503","0.34219269102990035","0.5","4","5","false","-1.13560843370317","EGR3","12.75","0","4","0","0.9379893517068587","true","0","EGR3","96","0.43103448275862066"
"2.8155339805825244","0.0024146214691709435","0.35517241379310344","0.5714285714285714","7","5","false","-1.10724876063755","NPAS4","13.571428571428571","0","7","0","0.9414343877231444","true","0","NPAS4","214","0.3877551020408163"
"2.8640776699029127","9.67233691195285E-4","0.34915254237288135","0.5","4","6","false","-1.42336947850743","PCSK1","15.0","0","4","0","0.9398684622611964","true","0","PCSK1","58","0.39473684210526316"
"1.9514563106796117","0.22442267911879632","0.5124378109452736","0.2752688172043011","31","5","false","1.00614539844469","CXCL8","13.225806451612904","0","31","0","0.969307860945819","true","0","CXCL8","11694","0.16491935483870968"
"2.1844660194174756","0.07853300343339746","0.4577777777777778","0.3974358974358974","13","5","false","-1.10148937221113","PNOC","17.23076923076923","0","13","0","0.9617914187284685","true","0","PNOC","5116","0.2287179487179487"
"2.8932038834951457","8.259919235160274E-5","0.34563758389261745","0.8666666666666667","6","6","false","-1.17462982767362","NEUROD6","16.166666666666668","0","6","0","0.9389289069840275","true","0","NEUROD6","8","0.4898989898989899"
"2.3689320388349513","0.027862680466636952","0.42213114754098363","0.6761904761904762","15","5","false","1.25014436031661","PF4","16.733333333333334","0","15","0","0.955840901973066","true","0","PF4","1654","0.2777777777777778"
"2.533980582524272","0.013709126222014301","0.39463601532567044","0.5604395604395604","14","5","false","-1.04824502477808","CALB1","14.642857142857142","0","14","0","0.9505167554024428","true","0","CALB1","1008","0.28711484593837533"
"2.970873786407767","5.007905988842676E-4","0.3366013071895425","0.3333333333333333","3","5","false","-1.45628241817286","VGF","13.0","0","3","0","0.9364234262449107","true","0","VGF","44","0.48717948717948717"
"2.495145631067961","0.017935004154118788","0.40077821011673154","0.5238095238095238","7","5","false","-1.00098911412931","FLT3","16.285714285714285","0","7","0","0.9517694957720013","true","0","FLT3","1112","0.2961038961038961"
"2.4563106796116503","0.026692624742584978","0.4071146245059289","0.32142857142857145","8","5","false","-1.06366326270602","EGR1","14.625","0","8","0","0.9530222361415597","true","0","EGR1","1844","0.2521551724137931"
"2.592233009708738","0.04284924322156657","0.3857677902621723","0.44166666666666665","16","6","false","-1.05665283411616","PVALB","13.0","0","16","0","0.9486376448481052","true","0","PVALB","3056","0.2682291666666667"
"2.854368932038835","0.041277244446861816","0.35034013605442177","0.2857142857142857","7","6","false","1.12496594161475","OTX2","11.428571428571429","0","7","0","0.940181647353586","true","0","OTX2","1728","0.3235294117647059"
"3.8446601941747574","0.0","0.2601010101010101","0.0","1","7","false","-1.05595093555185","ATOH7","7.0","0","1","0","0.9082367679298465","true","0","ATOH7","0","0.0"
"5.41747572815534","0.0","0.18458781362007168","0.0","1","9","false","-1.24550241982421","SOWAHB","2.0","0","1","0","0.857500782962731","true","0","SOWAHB","0","0.0"
"3.4563106796116503","0.057490957548067774","0.28932584269662925","0.0","3","7","false","-1.20554985184352","KRT5","6.0","0","3","0","0.9207641716254307","true","0","KRT5","2704","0.3333333333333333"
"4.427184466019417","0.01941747572815534","0.22587719298245615","0.0","2","8","false","1.13208206509593","ASCL3","2.0","0","2","0","0.8894456623864704","true","0","ASCL3","904","0.5"
"2.0776699029126213","0.1493701087244818","0.48130841121495327","0.2733333333333333","25","5","false","-1.12907936162462","BDNF","12.6","0","25","0","0.9652364547447542","true","0","BDNF","8852","0.16578947368421051"
"2.29126213592233","0.016438105488806767","0.4364406779661017","0.5714285714285714","14","5","false","-1.36856363595289","PENK","16.214285714285715","0","14","0","0.9583463827121829","true","0","PENK","1650","0.23844537815126052"
"2.8155339805825244","2.2264459510972398E-4","0.35517241379310344","0.8","5","6","false","1.09799153213052","RLN3","15.8","0","5","0","0.9414343877231444","true","0","RLN3","34","0.4514285714285714"
"2.2135922330097086","0.03859603975382552","0.4517543859649123","0.45751633986928103","18","5","false","-1.50601087294385","TAC1","14.61111111111111","0","18","0","0.9608518634512997","true","0","TAC1","3170","0.20873015873015874"
"2.825242718446602","0.022573674347718328","0.3539518900343642","0.3333333333333333","7","6","false","1.01793884773684","GHRHR","11.428571428571429","0","7","0","0.9411212026307547","true","0","GHRHR","1304","0.30952380952380953"
"2.0388349514563107","0.22917396669161982","0.49047619047619045","0.2336182336182336","27","5","false","-1.40517829857584","SST","11.814814814814815","0","27","0","0.9664891951143126","true","0","SST","11372","0.15765765765765766"
"2.3883495145631066","0.023643745025433947","0.41869918699187","0.46405228758169936","18","5","false","-1.7297361628687","CRH","13.666666666666666","0","18","0","0.9552145317882869","true","0","CRH","2094","0.24848484848484848"
"2.737864077669903","0.011185610383482357","0.3652482269503546","0.5111111111111111","10","6","false","-1.1316165264159","GRP","12.6","0","10","0","0.9439398684622612","true","0","GRP","920","0.3"
"2.466019417475728","0.0844467659398672","0.4055118110236221","0.39215686274509803","18","6","false","-1.16213436458313","SLC32A1","12.055555555555555","0","18","0","0.95270905104917","true","0","SLC32A1","5006","0.23529411764705882"
"2.6990291262135924","0.0030841929502094956","0.37050359712230213","0.6111111111111112","9","6","false","-1.40765172549017","ADCYAP1","15.777777777777779","0","9","0","0.9451926088318197","true","0","ADCYAP1","278","0.34299516908212563"
